<?xml version="1.0"?>
<?mso-application progid="Excel.Sheet"?>
<Workbook xmlns="urn:schemas-microsoft-com:office:spreadsheet"
 xmlns:o="urn:schemas-microsoft-com:office:office"
 xmlns:x="urn:schemas-microsoft-com:office:excel"
 xmlns:ss="urn:schemas-microsoft-com:office:spreadsheet"
 xmlns:html="http://www.w3.org/TR/REC-html40">
 <DocumentProperties xmlns="urn:schemas-microsoft-com:office:office">
  <LastAuthor>TimB</LastAuthor>
  <LastSaved>2017-02-05T21:41:13Z</LastSaved>
  <Version>16.00</Version>
 </DocumentProperties>
 <OfficeDocumentSettings xmlns="urn:schemas-microsoft-com:office:office">
  <AllowPNG/>
 </OfficeDocumentSettings>
 <ExcelWorkbook xmlns="urn:schemas-microsoft-com:office:excel">
  <WindowHeight>12210</WindowHeight>
  <WindowWidth>28800</WindowWidth>
  <WindowTopX>0</WindowTopX>
  <WindowTopY>0</WindowTopY>
  <ProtectStructure>False</ProtectStructure>
  <ProtectWindows>False</ProtectWindows>
 </ExcelWorkbook>
 <Styles>
  <Style ss:ID="Default" ss:Name="Normal">
   <Alignment ss:Vertical="Bottom"/>
  </Style>
  <Style ss:ID="s62">
   <Alignment ss:Vertical="Bottom"/>
   <Borders>
    <Border ss:Position="Bottom" ss:LineStyle="Continuous" ss:Weight="1"/>
    <Border ss:Position="Left" ss:LineStyle="Continuous" ss:Weight="1"/>
    <Border ss:Position="Right" ss:LineStyle="Continuous" ss:Weight="1"/>
    <Border ss:Position="Top" ss:LineStyle="Continuous" ss:Weight="1"/>
   </Borders>
   <Font ss:FontName="Arial" x:Family="Swiss" ss:Bold="1"/>
  </Style>
  <Style ss:ID="s63">
   <Alignment ss:Vertical="Bottom"/>
   <Font ss:FontName="Arial" x:Family="Swiss" ss:Bold="1"/>
  </Style>
 </Styles>
 <Worksheet ss:Name="multisensor_01_bom_A">
  <Table ss:ExpandedColumnCount="21" ss:ExpandedRowCount="50" x:FullColumns="1"
   x:FullRows="1" ss:DefaultRowHeight="15">
   <Column ss:Index="10" ss:Width="89.25"/>
   <Column ss:Index="16" ss:Width="275.25"/>
   <Row>
    <Cell ss:StyleID="s62"><Data ss:Type="String">Item</Data></Cell>
    <Cell ss:StyleID="s62"><Data ss:Type="String">TopQty</Data></Cell>
    <Cell ss:StyleID="s62"><Data ss:Type="String">BotQty</Data></Cell>
    <Cell ss:StyleID="s62"><Data ss:Type="String">MntQty</Data></Cell>
    <Cell ss:StyleID="s62"><Data ss:Type="String">5 piece qty</Data></Cell>
    <Cell ss:StyleID="s62"><Data ss:Type="String">present</Data></Cell>
    <Cell ss:StyleID="s62"><Data ss:Type="String">NotQty</Data></Cell>
    <Cell ss:StyleID="s62"><Data ss:Type="String">Val</Data></Cell>
    <Cell ss:StyleID="s62"><Data ss:Type="String">Vol</Data></Cell>
    <Cell ss:StyleID="s62"><Data ss:Type="String">Doc</Data></Cell>
    <Cell ss:StyleID="s62"><Data ss:Type="String">CP</Data></Cell>
    <Cell ss:StyleID="s62"><Data ss:Type="String">QP</Data></Cell>
    <Cell ss:StyleID="s62"><Data ss:Type="String">Hand</Data></Cell>
    <Cell ss:StyleID="s62"><Data ss:Type="String">Mount1</Data></Cell>
    <Cell ss:StyleID="s62"><Data ss:Type="String">Mount2</Data></Cell>
    <Cell ss:StyleID="s62"><Data ss:Type="String">Description</Data></Cell>
    <Cell ss:StyleID="s62"><Data ss:Type="String">Dekimo-Nr</Data></Cell>
    <Cell ss:StyleID="s62"><Data ss:Type="String">Comment</Data></Cell>
    <Cell ss:StyleID="s62"><Data ss:Type="String">TopReferences</Data></Cell>
    <Cell ss:StyleID="s62"><Data ss:Type="String">BotReferences</Data></Cell>
    <Cell ss:StyleID="s62"><Data ss:Type="String">NotReferences</Data></Cell>
   </Row>
   <Row>
    <Cell><Data ss:Type="String">1</Data></Cell>
    <Cell><Data ss:Type="Number">2</Data></Cell>
    <Cell><Data ss:Type="Number">0</Data></Cell>
    <Cell ss:StyleID="s63"><Data ss:Type="Number">2</Data></Cell>
    <Cell ss:StyleID="s63" ss:Formula="=5*RC[-1]"><Data ss:Type="Number">10</Data></Cell>
    <Cell ss:StyleID="s63"><Data ss:Type="Number">7</Data></Cell>
    <Cell><Data ss:Type="String">0</Data></Cell>
    <Cell><Data ss:Type="String">150R </Data></Cell>
    <Cell><Data ss:Type="String"> </Data></Cell>
    <Cell><Data ss:Type="String"> </Data></Cell>
    <Cell><Data ss:Type="Number">0</Data></Cell>
    <Cell><Data ss:Type="Number">0</Data></Cell>
    <Cell><Data ss:Type="Number">0</Data></Cell>
    <Cell><Data ss:Type="Number">0</Data></Cell>
    <Cell><Data ss:Type="Number">0</Data></Cell>
    <Cell><Data ss:Type="String">R# CE 150E 0W125 0805 1% </Data></Cell>
    <Cell><Data ss:Type="String">DEK-100100-028 [D]</Data></Cell>
    <Cell><Data ss:Type="String"></Data></Cell>
    <Cell><Data ss:Type="String">R9,R18</Data></Cell>
    <Cell><Data ss:Type="String"></Data></Cell>
   </Row>
   <Row>
    <Cell><Data ss:Type="String">2</Data></Cell>
    <Cell><Data ss:Type="Number">1</Data></Cell>
    <Cell><Data ss:Type="Number">0</Data></Cell>
    <Cell ss:StyleID="s63"><Data ss:Type="Number">1</Data></Cell>
    <Cell ss:StyleID="s63" ss:Formula="=5*RC[-1]"><Data ss:Type="Number">5</Data></Cell>
    <Cell ss:StyleID="s63"><Data ss:Type="Number">5</Data></Cell>
    <Cell><Data ss:Type="String">0</Data></Cell>
    <Cell><Data ss:Type="String">0R </Data></Cell>
    <Cell><Data ss:Type="String"> </Data></Cell>
    <Cell><Data ss:Type="String"> </Data></Cell>
    <Cell><Data ss:Type="Number">0</Data></Cell>
    <Cell><Data ss:Type="Number">0</Data></Cell>
    <Cell><Data ss:Type="Number">0</Data></Cell>
    <Cell><Data ss:Type="Number">0</Data></Cell>
    <Cell><Data ss:Type="Number">0</Data></Cell>
    <Cell><Data ss:Type="String">R# CE 0E 0W1 0603 1% </Data></Cell>
    <Cell><Data ss:Type="String">DEK-100300-001 [Z]</Data></Cell>
    <Cell><Data ss:Type="String"></Data></Cell>
    <Cell><Data ss:Type="String">R14</Data></Cell>
    <Cell><Data ss:Type="String"></Data></Cell>
   </Row>
   <Row>
    <Cell><Data ss:Type="String">3</Data></Cell>
    <Cell><Data ss:Type="Number">7</Data></Cell>
    <Cell><Data ss:Type="Number">0</Data></Cell>
    <Cell ss:StyleID="s63"><Data ss:Type="Number">7</Data></Cell>
    <Cell ss:StyleID="s63" ss:Formula="=5*RC[-1]"><Data ss:Type="Number">35</Data></Cell>
    <Cell ss:StyleID="s63"/>
    <Cell><Data ss:Type="String">0</Data></Cell>
    <Cell><Data ss:Type="String">100R </Data></Cell>
    <Cell><Data ss:Type="String"> </Data></Cell>
    <Cell><Data ss:Type="String"> </Data></Cell>
    <Cell><Data ss:Type="Number">0</Data></Cell>
    <Cell><Data ss:Type="Number">0</Data></Cell>
    <Cell><Data ss:Type="Number">0</Data></Cell>
    <Cell><Data ss:Type="Number">0</Data></Cell>
    <Cell><Data ss:Type="Number">0</Data></Cell>
    <Cell><Data ss:Type="String">R# CE 100E 0W1 0603 1% </Data></Cell>
    <Cell><Data ss:Type="String">DEK-100300-026 [Q]</Data></Cell>
    <Cell><Data ss:Type="String"></Data></Cell>
    <Cell><Data ss:Type="String">R8,R10,R17,R19,R30,R45,R46</Data></Cell>
    <Cell><Data ss:Type="String"></Data></Cell>
   </Row>
   <Row>
    <Cell><Data ss:Type="String">4</Data></Cell>
    <Cell><Data ss:Type="Number">4</Data></Cell>
    <Cell><Data ss:Type="Number">0</Data></Cell>
    <Cell ss:StyleID="s63"><Data ss:Type="Number">4</Data></Cell>
    <Cell ss:StyleID="s63" ss:Formula="=5*RC[-1]"><Data ss:Type="Number">20</Data></Cell>
    <Cell ss:StyleID="s63"/>
    <Cell><Data ss:Type="String">0</Data></Cell>
    <Cell><Data ss:Type="String">1K </Data></Cell>
    <Cell><Data ss:Type="String"> </Data></Cell>
    <Cell><Data ss:Type="String"> </Data></Cell>
    <Cell><Data ss:Type="Number">0</Data></Cell>
    <Cell><Data ss:Type="Number">0</Data></Cell>
    <Cell><Data ss:Type="Number">0</Data></Cell>
    <Cell><Data ss:Type="Number">0</Data></Cell>
    <Cell><Data ss:Type="Number">0</Data></Cell>
    <Cell><Data ss:Type="String">R# CE 1K 0W1 0603 1% </Data></Cell>
    <Cell><Data ss:Type="String">DEK-100300-038 [F]</Data></Cell>
    <Cell><Data ss:Type="String"></Data></Cell>
    <Cell><Data ss:Type="String">R28,R29,R39,R43</Data></Cell>
    <Cell><Data ss:Type="String"></Data></Cell>
   </Row>
   <Row>
    <Cell><Data ss:Type="String">5</Data></Cell>
    <Cell><Data ss:Type="Number">1</Data></Cell>
    <Cell><Data ss:Type="Number">0</Data></Cell>
    <Cell ss:StyleID="s63"><Data ss:Type="Number">1</Data></Cell>
    <Cell ss:StyleID="s63" ss:Formula="=5*RC[-1]"><Data ss:Type="Number">5</Data></Cell>
    <Cell ss:StyleID="s63"/>
    <Cell><Data ss:Type="String">0</Data></Cell>
    <Cell><Data ss:Type="String">2K2 </Data></Cell>
    <Cell><Data ss:Type="String"> </Data></Cell>
    <Cell><Data ss:Type="String"> </Data></Cell>
    <Cell><Data ss:Type="Number">0</Data></Cell>
    <Cell><Data ss:Type="Number">0</Data></Cell>
    <Cell><Data ss:Type="Number">0</Data></Cell>
    <Cell><Data ss:Type="Number">0</Data></Cell>
    <Cell><Data ss:Type="Number">0</Data></Cell>
    <Cell><Data ss:Type="String">R# CE 2K2 0W1 0603 1% </Data></Cell>
    <Cell><Data ss:Type="String">DEK-100300-042 [J]</Data></Cell>
    <Cell><Data ss:Type="String"></Data></Cell>
    <Cell><Data ss:Type="String">R40</Data></Cell>
    <Cell><Data ss:Type="String"></Data></Cell>
   </Row>
   <Row>
    <Cell><Data ss:Type="String">6</Data></Cell>
    <Cell><Data ss:Type="Number">11</Data></Cell>
    <Cell><Data ss:Type="Number">0</Data></Cell>
    <Cell ss:StyleID="s63"><Data ss:Type="Number">11</Data></Cell>
    <Cell ss:StyleID="s63" ss:Formula="=5*RC[-1]"><Data ss:Type="Number">55</Data></Cell>
    <Cell ss:StyleID="s63"/>
    <Cell><Data ss:Type="String">0</Data></Cell>
    <Cell><Data ss:Type="String">4K7 </Data></Cell>
    <Cell><Data ss:Type="String"> </Data></Cell>
    <Cell><Data ss:Type="String"> </Data></Cell>
    <Cell><Data ss:Type="Number">0</Data></Cell>
    <Cell><Data ss:Type="Number">0</Data></Cell>
    <Cell><Data ss:Type="Number">0</Data></Cell>
    <Cell><Data ss:Type="Number">0</Data></Cell>
    <Cell><Data ss:Type="Number">0</Data></Cell>
    <Cell><Data ss:Type="String">R# CE 4K7 0W1 0603 1% </Data></Cell>
    <Cell><Data ss:Type="String">DEK-100300-046 [N]</Data></Cell>
    <Cell><Data ss:Type="String"></Data></Cell>
    <Cell><Data ss:Type="String">R4,R5,R6,R7,R22,R26,R27,R32,R33,R34,R35</Data></Cell>
    <Cell><Data ss:Type="String"></Data></Cell>
   </Row>
   <Row>
    <Cell><Data ss:Type="String">7</Data></Cell>
    <Cell><Data ss:Type="Number">7</Data></Cell>
    <Cell><Data ss:Type="Number">0</Data></Cell>
    <Cell ss:StyleID="s63"><Data ss:Type="Number">7</Data></Cell>
    <Cell ss:StyleID="s63" ss:Formula="=5*RC[-1]"><Data ss:Type="Number">35</Data></Cell>
    <Cell ss:StyleID="s63"><Data ss:Type="Number">20</Data></Cell>
    <Cell><Data ss:Type="String">0</Data></Cell>
    <Cell><Data ss:Type="String">10K </Data></Cell>
    <Cell><Data ss:Type="String"> </Data></Cell>
    <Cell><Data ss:Type="String"> </Data></Cell>
    <Cell><Data ss:Type="Number">0</Data></Cell>
    <Cell><Data ss:Type="Number">0</Data></Cell>
    <Cell><Data ss:Type="Number">0</Data></Cell>
    <Cell><Data ss:Type="Number">0</Data></Cell>
    <Cell><Data ss:Type="Number">0</Data></Cell>
    <Cell><Data ss:Type="String">R# CE 10K 0W1 0603 1% </Data></Cell>
    <Cell><Data ss:Type="String">DEK-100300-050 [R]</Data></Cell>
    <Cell><Data ss:Type="String"></Data></Cell>
    <Cell><Data ss:Type="String">R15,R16,R21,R41,R44,R47,R48</Data></Cell>
    <Cell><Data ss:Type="String"></Data></Cell>
   </Row>
   <Row>
    <Cell><Data ss:Type="String">8</Data></Cell>
    <Cell><Data ss:Type="Number">3</Data></Cell>
    <Cell><Data ss:Type="Number">0</Data></Cell>
    <Cell ss:StyleID="s63"><Data ss:Type="Number">3</Data></Cell>
    <Cell ss:StyleID="s63" ss:Formula="=5*RC[-1]"><Data ss:Type="Number">15</Data></Cell>
    <Cell ss:StyleID="s63"/>
    <Cell><Data ss:Type="String">0</Data></Cell>
    <Cell><Data ss:Type="String">18K </Data></Cell>
    <Cell><Data ss:Type="String"> </Data></Cell>
    <Cell><Data ss:Type="String"> </Data></Cell>
    <Cell><Data ss:Type="Number">0</Data></Cell>
    <Cell><Data ss:Type="Number">0</Data></Cell>
    <Cell><Data ss:Type="Number">0</Data></Cell>
    <Cell><Data ss:Type="Number">0</Data></Cell>
    <Cell><Data ss:Type="Number">0</Data></Cell>
    <Cell><Data ss:Type="String">R# CE 18K 0W1 0603 1% </Data></Cell>
    <Cell><Data ss:Type="String">DEK-100300-053 [U]</Data></Cell>
    <Cell><Data ss:Type="String"></Data></Cell>
    <Cell><Data ss:Type="String">R1,R2,R3</Data></Cell>
    <Cell><Data ss:Type="String"></Data></Cell>
   </Row>
   <Row>
    <Cell><Data ss:Type="String">9</Data></Cell>
    <Cell><Data ss:Type="Number">1</Data></Cell>
    <Cell><Data ss:Type="Number">0</Data></Cell>
    <Cell ss:StyleID="s63"><Data ss:Type="Number">1</Data></Cell>
    <Cell ss:StyleID="s63" ss:Formula="=5*RC[-1]"><Data ss:Type="Number">5</Data></Cell>
    <Cell ss:StyleID="s63"/>
    <Cell><Data ss:Type="String">0</Data></Cell>
    <Cell><Data ss:Type="String">22K </Data></Cell>
    <Cell><Data ss:Type="String"> </Data></Cell>
    <Cell><Data ss:Type="String"> </Data></Cell>
    <Cell><Data ss:Type="Number">0</Data></Cell>
    <Cell><Data ss:Type="Number">0</Data></Cell>
    <Cell><Data ss:Type="Number">0</Data></Cell>
    <Cell><Data ss:Type="Number">0</Data></Cell>
    <Cell><Data ss:Type="Number">0</Data></Cell>
    <Cell><Data ss:Type="String">R# CE 22K 0W1 0603 1% </Data></Cell>
    <Cell><Data ss:Type="String">DEK-100300-054 [V]</Data></Cell>
    <Cell><Data ss:Type="String"></Data></Cell>
    <Cell><Data ss:Type="String">R38</Data></Cell>
    <Cell><Data ss:Type="String"></Data></Cell>
   </Row>
   <Row>
    <Cell><Data ss:Type="String">10</Data></Cell>
    <Cell><Data ss:Type="Number">1</Data></Cell>
    <Cell><Data ss:Type="Number">0</Data></Cell>
    <Cell ss:StyleID="s63"><Data ss:Type="Number">1</Data></Cell>
    <Cell ss:StyleID="s63" ss:Formula="=5*RC[-1]"><Data ss:Type="Number">5</Data></Cell>
    <Cell ss:StyleID="s63"/>
    <Cell><Data ss:Type="String">0</Data></Cell>
    <Cell><Data ss:Type="String">100K </Data></Cell>
    <Cell><Data ss:Type="String"> </Data></Cell>
    <Cell><Data ss:Type="String"> </Data></Cell>
    <Cell><Data ss:Type="Number">0</Data></Cell>
    <Cell><Data ss:Type="Number">0</Data></Cell>
    <Cell><Data ss:Type="Number">0</Data></Cell>
    <Cell><Data ss:Type="Number">0</Data></Cell>
    <Cell><Data ss:Type="Number">0</Data></Cell>
    <Cell><Data ss:Type="String">R# CE 100K 0W1 0603 1% </Data></Cell>
    <Cell><Data ss:Type="String">DEK-100300-062 [G]</Data></Cell>
    <Cell><Data ss:Type="String"></Data></Cell>
    <Cell><Data ss:Type="String">R42</Data></Cell>
    <Cell><Data ss:Type="String"></Data></Cell>
   </Row>
   <Row>
    <Cell><Data ss:Type="String">11</Data></Cell>
    <Cell><Data ss:Type="Number">1</Data></Cell>
    <Cell><Data ss:Type="Number">0</Data></Cell>
    <Cell ss:StyleID="s63"><Data ss:Type="Number">1</Data></Cell>
    <Cell ss:StyleID="s63" ss:Formula="=5*RC[-1]"><Data ss:Type="Number">5</Data></Cell>
    <Cell ss:StyleID="s63"><Data ss:Type="Number">2</Data></Cell>
    <Cell><Data ss:Type="String">0</Data></Cell>
    <Cell><Data ss:Type="String">' ' </Data></Cell>
    <Cell><Data ss:Type="String">30V </Data></Cell>
    <Cell><Data ss:Type="String">MINISMDC020F-2 </Data></Cell>
    <Cell><Data ss:Type="Number">0</Data></Cell>
    <Cell><Data ss:Type="Number">0</Data></Cell>
    <Cell><Data ss:Type="Number">0</Data></Cell>
    <Cell><Data ss:Type="Number">0</Data></Cell>
    <Cell><Data ss:Type="Number">0</Data></Cell>
    <Cell><Data ss:Type="String">R# PTC 0A2 30V FUSE MULTI </Data></Cell>
    <Cell><Data ss:Type="String">DEK-101400-034 [D]</Data></Cell>
    <Cell><Data ss:Type="String"></Data></Cell>
    <Cell><Data ss:Type="String">PTC1</Data></Cell>
    <Cell><Data ss:Type="String"></Data></Cell>
   </Row>
   <Row>
    <Cell><Data ss:Type="String">12</Data></Cell>
    <Cell><Data ss:Type="Number">1</Data></Cell>
    <Cell><Data ss:Type="Number">0</Data></Cell>
    <Cell ss:StyleID="s63"><Data ss:Type="Number">1</Data></Cell>
    <Cell ss:StyleID="s63" ss:Formula="=5*RC[-1]"><Data ss:Type="Number">5</Data></Cell>
    <Cell ss:StyleID="s63"/>
    <Cell><Data ss:Type="String">0</Data></Cell>
    <Cell><Data ss:Type="String">6 </Data></Cell>
    <Cell><Data ss:Type="String"> </Data></Cell>
    <Cell><Data ss:Type="String"> </Data></Cell>
    <Cell><Data ss:Type="Number">0</Data></Cell>
    <Cell><Data ss:Type="Number">0</Data></Cell>
    <Cell><Data ss:Type="Number">0</Data></Cell>
    <Cell><Data ss:Type="Number">0</Data></Cell>
    <Cell><Data ss:Type="Number">0</Data></Cell>
    <Cell><Data ss:Type="String">J MD1 MBT P 6 E1 AU 6.1 </Data></Cell>
    <Cell><Data ss:Type="String">DEK-200500-023 [H]</Data></Cell>
    <Cell><Data ss:Type="String"></Data></Cell>
    <Cell><Data ss:Type="String">CON6</Data></Cell>
    <Cell><Data ss:Type="String"></Data></Cell>
   </Row>
   <Row>
    <Cell><Data ss:Type="String">13</Data></Cell>
    <Cell><Data ss:Type="Number">1</Data></Cell>
    <Cell><Data ss:Type="Number">0</Data></Cell>
    <Cell ss:StyleID="s63"><Data ss:Type="Number">1</Data></Cell>
    <Cell ss:StyleID="s63" ss:Formula="=5*RC[-1]"><Data ss:Type="Number">5</Data></Cell>
    <Cell ss:StyleID="s63"/>
    <Cell><Data ss:Type="String">0</Data></Cell>
    <Cell><Data ss:Type="String"></Data></Cell>
    <Cell><Data ss:Type="String"></Data></Cell>
    <Cell><Data ss:Type="String"></Data></Cell>
    <Cell><Data ss:Type="Number">0</Data></Cell>
    <Cell><Data ss:Type="Number">0</Data></Cell>
    <Cell><Data ss:Type="Number">0</Data></Cell>
    <Cell><Data ss:Type="Number">0</Data></Cell>
    <Cell><Data ss:Type="Number">0</Data></Cell>
    <Cell><Data ss:Type="String">J MD1 MBT P 4 E1 AU</Data></Cell>
    <Cell><Data ss:Type="String">DEK-200500-031 [P]</Data></Cell>
    <Cell><Data ss:Type="String"></Data></Cell>
    <Cell><Data ss:Type="String">CON4</Data></Cell>
    <Cell><Data ss:Type="String"></Data></Cell>
   </Row>
   <Row>
    <Cell><Data ss:Type="String">14</Data></Cell>
    <Cell><Data ss:Type="Number">1</Data></Cell>
    <Cell><Data ss:Type="Number">0</Data></Cell>
    <Cell ss:StyleID="s63"><Data ss:Type="Number">1</Data></Cell>
    <Cell ss:StyleID="s63" ss:Formula="=5*RC[-1]"><Data ss:Type="Number">5</Data></Cell>
    <Cell ss:StyleID="s63"/>
    <Cell><Data ss:Type="String">0</Data></Cell>
    <Cell><Data ss:Type="String"></Data></Cell>
    <Cell><Data ss:Type="String"></Data></Cell>
    <Cell><Data ss:Type="String"></Data></Cell>
    <Cell><Data ss:Type="Number">0</Data></Cell>
    <Cell><Data ss:Type="Number">0</Data></Cell>
    <Cell><Data ss:Type="Number">0</Data></Cell>
    <Cell><Data ss:Type="Number">0</Data></Cell>
    <Cell><Data ss:Type="Number">0</Data></Cell>
    <Cell><Data ss:Type="String">J MD1 MBT P 5 E1 AU</Data></Cell>
    <Cell><Data ss:Type="String">DEK-200500-032 [Q]</Data></Cell>
    <Cell><Data ss:Type="String"></Data></Cell>
    <Cell><Data ss:Type="String">CON5</Data></Cell>
    <Cell><Data ss:Type="String"></Data></Cell>
   </Row>
   <Row>
    <Cell><Data ss:Type="String">15</Data></Cell>
    <Cell><Data ss:Type="Number">3</Data></Cell>
    <Cell><Data ss:Type="Number">0</Data></Cell>
    <Cell ss:StyleID="s63"><Data ss:Type="Number">3</Data></Cell>
    <Cell ss:StyleID="s63" ss:Formula="=5*RC[-1]"><Data ss:Type="Number">15</Data></Cell>
    <Cell ss:StyleID="s63"/>
    <Cell><Data ss:Type="String">0</Data></Cell>
    <Cell><Data ss:Type="String">RED </Data></Cell>
    <Cell><Data ss:Type="String"> </Data></Cell>
    <Cell><Data ss:Type="String"> </Data></Cell>
    <Cell><Data ss:Type="Number">0</Data></Cell>
    <Cell><Data ss:Type="Number">0</Data></Cell>
    <Cell><Data ss:Type="Number">0</Data></Cell>
    <Cell><Data ss:Type="Number">0</Data></Cell>
    <Cell><Data ss:Type="Number">0</Data></Cell>
    <Cell><Data ss:Type="String">J TESTEYE 1MM HOLE 2.5MM DIAMETER RED </Data></Cell>
    <Cell><Data ss:Type="String">DEK-201100-336 [U]</Data></Cell>
    <Cell><Data ss:Type="String"></Data></Cell>
    <Cell><Data ss:Type="String">TP1,TP2,TP3</Data></Cell>
    <Cell><Data ss:Type="String"></Data></Cell>
   </Row>
   <Row>
    <Cell><Data ss:Type="String">16</Data></Cell>
    <Cell><Data ss:Type="Number">3</Data></Cell>
    <Cell><Data ss:Type="Number">0</Data></Cell>
    <Cell ss:StyleID="s63"><Data ss:Type="Number">3</Data></Cell>
    <Cell ss:StyleID="s63" ss:Formula="=5*RC[-1]"><Data ss:Type="Number">15</Data></Cell>
    <Cell ss:StyleID="s63"/>
    <Cell><Data ss:Type="String">0</Data></Cell>
    <Cell><Data ss:Type="String">BLACK </Data></Cell>
    <Cell><Data ss:Type="String"> </Data></Cell>
    <Cell><Data ss:Type="String"> </Data></Cell>
    <Cell><Data ss:Type="Number">0</Data></Cell>
    <Cell><Data ss:Type="Number">0</Data></Cell>
    <Cell><Data ss:Type="Number">0</Data></Cell>
    <Cell><Data ss:Type="Number">0</Data></Cell>
    <Cell><Data ss:Type="Number">0</Data></Cell>
    <Cell><Data ss:Type="String">J TESTEYE 1MM HOLE 2.5MM DIAMETER BLACK </Data></Cell>
    <Cell><Data ss:Type="String">DEK-201100-337 [V]</Data></Cell>
    <Cell><Data ss:Type="String"></Data></Cell>
    <Cell><Data ss:Type="String">TP4,TP5,TP6</Data></Cell>
    <Cell><Data ss:Type="String"></Data></Cell>
   </Row>
   <Row>
    <Cell><Data ss:Type="String">17</Data></Cell>
    <Cell><Data ss:Type="Number">19</Data></Cell>
    <Cell><Data ss:Type="Number">0</Data></Cell>
    <Cell ss:StyleID="s63"><Data ss:Type="Number">19</Data></Cell>
    <Cell ss:StyleID="s63" ss:Formula="=5*RC[-1]"><Data ss:Type="Number">95</Data></Cell>
    <Cell ss:StyleID="s63"/>
    <Cell><Data ss:Type="String">0</Data></Cell>
    <Cell><Data ss:Type="String">WHITE </Data></Cell>
    <Cell><Data ss:Type="String"> </Data></Cell>
    <Cell><Data ss:Type="String"> </Data></Cell>
    <Cell><Data ss:Type="Number">0</Data></Cell>
    <Cell><Data ss:Type="Number">0</Data></Cell>
    <Cell><Data ss:Type="Number">0</Data></Cell>
    <Cell><Data ss:Type="Number">0</Data></Cell>
    <Cell><Data ss:Type="Number">0</Data></Cell>
    <Cell><Data ss:Type="String">J TESTEYE 1MM HOLE 2.5MM DIAMETER WHITE </Data></Cell>
    <Cell><Data ss:Type="String">DEK-201100-338 [W]</Data></Cell>
    <Cell><Data ss:Type="String"></Data></Cell>
    <Cell><Data ss:Type="String">TP7,TP8,TP9,TP10,TP11,TP12,TP13,TP14,TP15,TP16,TP17,TP18,TP19,TP20,TP21,TP22,TP23,TP24,TP25</Data></Cell>
    <Cell><Data ss:Type="String"></Data></Cell>
   </Row>
   <Row>
    <Cell><Data ss:Type="String">18</Data></Cell>
    <Cell><Data ss:Type="Number">0</Data></Cell>
    <Cell><Data ss:Type="Number">1</Data></Cell>
    <Cell ss:StyleID="s63"><Data ss:Type="Number">1</Data></Cell>
    <Cell ss:StyleID="s63" ss:Formula="=5*RC[-1]"><Data ss:Type="Number">5</Data></Cell>
    <Cell ss:StyleID="s63"><Data ss:Type="Number">1</Data></Cell>
    <Cell><Data ss:Type="String">0</Data></Cell>
    <Cell><Data ss:Type="String">4 </Data></Cell>
    <Cell><Data ss:Type="String"> </Data></Cell>
    <Cell><Data ss:Type="String">KRMC 04 </Data></Cell>
    <Cell><Data ss:Type="Number">0</Data></Cell>
    <Cell><Data ss:Type="Number">0</Data></Cell>
    <Cell><Data ss:Type="Number">0</Data></Cell>
    <Cell><Data ss:Type="Number">0</Data></Cell>
    <Cell><Data ss:Type="Number">0</Data></Cell>
    <Cell><Data ss:Type="String">J MD1 MBS P 4 SN 3.5MM PITCH SCREW TERMINAL </Data></Cell>
    <Cell><Data ss:Type="String">DEK-201500-102 [A]</Data></Cell>
    <Cell><Data ss:Type="String"></Data></Cell>
    <Cell><Data ss:Type="String"></Data></Cell>
    <Cell><Data ss:Type="String">CON1</Data></Cell>
   </Row>
   <Row>
    <Cell><Data ss:Type="String">19</Data></Cell>
    <Cell><Data ss:Type="Number">1</Data></Cell>
    <Cell><Data ss:Type="Number">0</Data></Cell>
    <Cell ss:StyleID="s63"><Data ss:Type="Number">1</Data></Cell>
    <Cell ss:StyleID="s63" ss:Formula="=5*RC[-1]"><Data ss:Type="Number">5</Data></Cell>
    <Cell ss:StyleID="s63"><Data ss:Type="Number">5</Data></Cell>
    <Cell><Data ss:Type="String">0</Data></Cell>
    <Cell><Data ss:Type="String">10 </Data></Cell>
    <Cell><Data ss:Type="String"> </Data></Cell>
    <Cell><Data ss:Type="String"> </Data></Cell>
    <Cell><Data ss:Type="Number">0</Data></Cell>
    <Cell><Data ss:Type="Number">0</Data></Cell>
    <Cell><Data ss:Type="Number">0</Data></Cell>
    <Cell><Data ss:Type="Number">0</Data></Cell>
    <Cell><Data ss:Type="Number">0</Data></Cell>
    <Cell><Data ss:Type="String">J# MD2 MBT P10 1.27MM H3.8 WR-PHD </Data></Cell>
    <Cell><Data ss:Type="String">DEK-202000-058 [F]</Data></Cell>
    <Cell><Data ss:Type="String"></Data></Cell>
    <Cell><Data ss:Type="String">CON2</Data></Cell>
    <Cell><Data ss:Type="String"></Data></Cell>
   </Row>
   <Row>
    <Cell><Data ss:Type="String">20</Data></Cell>
    <Cell><Data ss:Type="Number">1</Data></Cell>
    <Cell><Data ss:Type="Number">0</Data></Cell>
    <Cell ss:StyleID="s63"><Data ss:Type="Number">1</Data></Cell>
    <Cell ss:StyleID="s63" ss:Formula="=5*RC[-1]"><Data ss:Type="Number">5</Data></Cell>
    <Cell ss:StyleID="s63"><Data ss:Type="Number">1</Data></Cell>
    <Cell><Data ss:Type="String">0</Data></Cell>
    <Cell><Data ss:Type="String"> </Data></Cell>
    <Cell><Data ss:Type="String"> </Data></Cell>
    <Cell><Data ss:Type="String">LMV324 </Data></Cell>
    <Cell><Data ss:Type="Number">0</Data></Cell>
    <Cell><Data ss:Type="Number">0</Data></Cell>
    <Cell><Data ss:Type="Number">0</Data></Cell>
    <Cell><Data ss:Type="Number">0</Data></Cell>
    <Cell><Data ss:Type="Number">0</Data></Cell>
    <Cell><Data ss:Type="String">I# AMP 4CH SO14 LMV324 </Data></Cell>
    <Cell><Data ss:Type="String">DEK-300000-121 [M]</Data></Cell>
    <Cell><Data ss:Type="String"></Data></Cell>
    <Cell><Data ss:Type="String">U3</Data></Cell>
    <Cell><Data ss:Type="String"></Data></Cell>
   </Row>
   <Row>
    <Cell><Data ss:Type="String">21</Data></Cell>
    <Cell><Data ss:Type="Number">1</Data></Cell>
    <Cell><Data ss:Type="Number">0</Data></Cell>
    <Cell ss:StyleID="s63"><Data ss:Type="Number">1</Data></Cell>
    <Cell ss:StyleID="s63" ss:Formula="=5*RC[-1]"><Data ss:Type="Number">5</Data></Cell>
    <Cell ss:StyleID="s63"><Data ss:Type="Number">5</Data></Cell>
    <Cell><Data ss:Type="String">0</Data></Cell>
    <Cell><Data ss:Type="String">3.3V </Data></Cell>
    <Cell><Data ss:Type="String">16V </Data></Cell>
    <Cell><Data ss:Type="String">LP2985-3.3 </Data></Cell>
    <Cell><Data ss:Type="Number">0</Data></Cell>
    <Cell><Data ss:Type="Number">0</Data></Cell>
    <Cell><Data ss:Type="Number">0</Data></Cell>
    <Cell><Data ss:Type="Number">0</Data></Cell>
    <Cell><Data ss:Type="Number">0</Data></Cell>
    <Cell><Data ss:Type="String">I# LDO 3V3 0A15 SOT23-5 LP2985 </Data></Cell>
    <Cell><Data ss:Type="String">DEK-301200-037 [S]</Data></Cell>
    <Cell><Data ss:Type="String"></Data></Cell>
    <Cell><Data ss:Type="String">I1</Data></Cell>
    <Cell><Data ss:Type="String"></Data></Cell>
   </Row>
   <Row>
    <Cell><Data ss:Type="String">22</Data></Cell>
    <Cell><Data ss:Type="Number">1</Data></Cell>
    <Cell><Data ss:Type="Number">0</Data></Cell>
    <Cell ss:StyleID="s63"><Data ss:Type="Number">1</Data></Cell>
    <Cell ss:StyleID="s63" ss:Formula="=5*RC[-1]"><Data ss:Type="Number">5</Data></Cell>
    <Cell ss:StyleID="s63"><Data ss:Type="Number">2</Data></Cell>
    <Cell><Data ss:Type="String">0</Data></Cell>
    <Cell><Data ss:Type="String"> </Data></Cell>
    <Cell><Data ss:Type="String"> </Data></Cell>
    <Cell><Data ss:Type="String">LMR16006XDDC </Data></Cell>
    <Cell><Data ss:Type="Number">0</Data></Cell>
    <Cell><Data ss:Type="Number">0</Data></Cell>
    <Cell><Data ss:Type="Number">0</Data></Cell>
    <Cell><Data ss:Type="Number">0</Data></Cell>
    <Cell><Data ss:Type="Number">0</Data></Cell>
    <Cell><Data ss:Type="String">I# SW BUCK REGULATOR 0.7MHZ 600mA TSOT-23-6 </Data></Cell>
    <Cell><Data ss:Type="String">DEK-301300-140 [C]</Data></Cell>
    <Cell><Data ss:Type="String"></Data></Cell>
    <Cell><Data ss:Type="String">U1</Data></Cell>
    <Cell><Data ss:Type="String"></Data></Cell>
   </Row>
   <Row>
    <Cell><Data ss:Type="String">23</Data></Cell>
    <Cell><Data ss:Type="Number">1</Data></Cell>
    <Cell><Data ss:Type="Number">0</Data></Cell>
    <Cell ss:StyleID="s63"><Data ss:Type="Number">1</Data></Cell>
    <Cell ss:StyleID="s63" ss:Formula="=5*RC[-1]"><Data ss:Type="Number">5</Data></Cell>
    <Cell ss:StyleID="s63"><Data ss:Type="Number">1</Data></Cell>
    <Cell><Data ss:Type="String">0</Data></Cell>
    <Cell><Data ss:Type="String"> </Data></Cell>
    <Cell><Data ss:Type="String"> </Data></Cell>
    <Cell><Data ss:Type="String">LPC824M201JHI33 </Data></Cell>
    <Cell><Data ss:Type="Number">0</Data></Cell>
    <Cell><Data ss:Type="Number">0</Data></Cell>
    <Cell><Data ss:Type="Number">0</Data></Cell>
    <Cell><Data ss:Type="Number">0</Data></Cell>
    <Cell><Data ss:Type="Number">0</Data></Cell>
    <Cell><Data ss:Type="String">I# MCU 32b 32K QFN32 LPC824 </Data></Cell>
    <Cell><Data ss:Type="String">DEK-302000-493 [F]</Data></Cell>
    <Cell><Data ss:Type="String"></Data></Cell>
    <Cell><Data ss:Type="String">U2</Data></Cell>
    <Cell><Data ss:Type="String"></Data></Cell>
   </Row>
   <Row>
    <Cell><Data ss:Type="String">24</Data></Cell>
    <Cell><Data ss:Type="Number">1</Data></Cell>
    <Cell><Data ss:Type="Number">0</Data></Cell>
    <Cell ss:StyleID="s63"><Data ss:Type="Number">1</Data></Cell>
    <Cell ss:StyleID="s63" ss:Formula="=5*RC[-1]"><Data ss:Type="Number">5</Data></Cell>
    <Cell ss:StyleID="s63"><Data ss:Type="Number">5</Data></Cell>
    <Cell><Data ss:Type="String">0</Data></Cell>
    <Cell><Data ss:Type="String"> </Data></Cell>
    <Cell><Data ss:Type="String"> </Data></Cell>
    <Cell><Data ss:Type="String">DHT22 </Data></Cell>
    <Cell><Data ss:Type="Number">0</Data></Cell>
    <Cell><Data ss:Type="Number">0</Data></Cell>
    <Cell><Data ss:Type="Number">0</Data></Cell>
    <Cell><Data ss:Type="Number">0</Data></Cell>
    <Cell><Data ss:Type="Number">0</Data></Cell>
    <Cell><Data ss:Type="String">I SENS HUMIDITY/TEMPERATURE SENSOR MODULE DHT22 </Data></Cell>
    <Cell><Data ss:Type="String">DEK-302000-534 [A]</Data></Cell>
    <Cell><Data ss:Type="String"></Data></Cell>
    <Cell><Data ss:Type="String">U5</Data></Cell>
    <Cell><Data ss:Type="String"></Data></Cell>
   </Row>
   <Row>
    <Cell><Data ss:Type="String">25</Data></Cell>
    <Cell><Data ss:Type="Number">1</Data></Cell>
    <Cell><Data ss:Type="Number">0</Data></Cell>
    <Cell ss:StyleID="s63"><Data ss:Type="Number">1</Data></Cell>
    <Cell ss:StyleID="s63" ss:Formula="=5*RC[-1]"><Data ss:Type="Number">5</Data></Cell>
    <Cell ss:StyleID="s63"><Data ss:Type="Number">5</Data></Cell>
    <Cell><Data ss:Type="String">0</Data></Cell>
    <Cell><Data ss:Type="String"> </Data></Cell>
    <Cell><Data ss:Type="String"> </Data></Cell>
    <Cell><Data ss:Type="String">SN65HVD72 </Data></Cell>
    <Cell><Data ss:Type="Number">0</Data></Cell>
    <Cell><Data ss:Type="Number">0</Data></Cell>
    <Cell><Data ss:Type="Number">0</Data></Cell>
    <Cell><Data ss:Type="Number">0</Data></Cell>
    <Cell><Data ss:Type="Number">0</Data></Cell>
    <Cell><Data ss:Type="String">I# ITF RS485 HD SO8 SN65HVD72 </Data></Cell>
    <Cell><Data ss:Type="String">DEK-302200-179 [F]</Data></Cell>
    <Cell><Data ss:Type="String"></Data></Cell>
    <Cell><Data ss:Type="String">IC1</Data></Cell>
    <Cell><Data ss:Type="String"></Data></Cell>
   </Row>
   <Row>
    <Cell><Data ss:Type="String">26</Data></Cell>
    <Cell><Data ss:Type="Number">1</Data></Cell>
    <Cell><Data ss:Type="Number">0</Data></Cell>
    <Cell ss:StyleID="s63"><Data ss:Type="Number">1</Data></Cell>
    <Cell ss:StyleID="s63" ss:Formula="=5*RC[-1]"><Data ss:Type="Number">5</Data></Cell>
    <Cell ss:StyleID="s63"><Data ss:Type="Number">5</Data></Cell>
    <Cell><Data ss:Type="String">0</Data></Cell>
    <Cell><Data ss:Type="String"> </Data></Cell>
    <Cell><Data ss:Type="String"> </Data></Cell>
    <Cell><Data ss:Type="String">BMP280 MODULE </Data></Cell>
    <Cell><Data ss:Type="Number">0</Data></Cell>
    <Cell><Data ss:Type="Number">0</Data></Cell>
    <Cell><Data ss:Type="Number">0</Data></Cell>
    <Cell><Data ss:Type="Number">0</Data></Cell>
    <Cell><Data ss:Type="Number">0</Data></Cell>
    <Cell><Data ss:Type="String">I SENS P PRESSURE MODULE BMP280 </Data></Cell>
    <Cell><Data ss:Type="String">DEK-310000-134 [Q]</Data></Cell>
    <Cell><Data ss:Type="String"></Data></Cell>
    <Cell><Data ss:Type="String">M5</Data></Cell>
    <Cell><Data ss:Type="String"></Data></Cell>
   </Row>
   <Row>
    <Cell><Data ss:Type="String">27</Data></Cell>
    <Cell><Data ss:Type="Number">1</Data></Cell>
    <Cell><Data ss:Type="Number">0</Data></Cell>
    <Cell ss:StyleID="s63"><Data ss:Type="Number">1</Data></Cell>
    <Cell ss:StyleID="s63" ss:Formula="=5*RC[-1]"><Data ss:Type="Number">5</Data></Cell>
    <Cell ss:StyleID="s63"><Data ss:Type="Number">5</Data></Cell>
    <Cell><Data ss:Type="String">0</Data></Cell>
    <Cell><Data ss:Type="String"> </Data></Cell>
    <Cell><Data ss:Type="String"> </Data></Cell>
    <Cell><Data ss:Type="String">DS18B20+ </Data></Cell>
    <Cell><Data ss:Type="Number">0</Data></Cell>
    <Cell><Data ss:Type="Number">0</Data></Cell>
    <Cell><Data ss:Type="Number">0</Data></Cell>
    <Cell><Data ss:Type="Number">0</Data></Cell>
    <Cell><Data ss:Type="Number">0</Data></Cell>
    <Cell><Data ss:Type="String">I SENS T TO92 +/-0.5C </Data></Cell>
    <Cell><Data ss:Type="String">DEK-310000-135 [R]</Data></Cell>
    <Cell><Data ss:Type="String"></Data></Cell>
    <Cell><Data ss:Type="String">U4</Data></Cell>
    <Cell><Data ss:Type="String"></Data></Cell>
   </Row>
   <Row>
    <Cell><Data ss:Type="String">28</Data></Cell>
    <Cell><Data ss:Type="Number">6</Data></Cell>
    <Cell><Data ss:Type="Number">0</Data></Cell>
    <Cell ss:StyleID="s63"><Data ss:Type="Number">6</Data></Cell>
    <Cell ss:StyleID="s63" ss:Formula="=5*RC[-1]"><Data ss:Type="Number">30</Data></Cell>
    <Cell ss:StyleID="s63"><Data ss:Type="Number">30</Data></Cell>
    <Cell><Data ss:Type="String">0</Data></Cell>
    <Cell><Data ss:Type="String">10u </Data></Cell>
    <Cell><Data ss:Type="String">16V </Data></Cell>
    <Cell><Data ss:Type="String"> </Data></Cell>
    <Cell><Data ss:Type="Number">0</Data></Cell>
    <Cell><Data ss:Type="Number">0</Data></Cell>
    <Cell><Data ss:Type="Number">0</Data></Cell>
    <Cell><Data ss:Type="Number">0</Data></Cell>
    <Cell><Data ss:Type="Number">0</Data></Cell>
    <Cell><Data ss:Type="String">C# X5R 10M 16V 0805 10% </Data></Cell>
    <Cell><Data ss:Type="String">DEK-400100-156 [W]</Data></Cell>
    <Cell><Data ss:Type="String"></Data></Cell>
    <Cell><Data ss:Type="String">C6,C8,C17,C28,C31,C33</Data></Cell>
    <Cell><Data ss:Type="String"></Data></Cell>
   </Row>
   <Row>
    <Cell><Data ss:Type="String">29</Data></Cell>
    <Cell><Data ss:Type="Number">1</Data></Cell>
    <Cell><Data ss:Type="Number">0</Data></Cell>
    <Cell ss:StyleID="s63"><Data ss:Type="Number">1</Data></Cell>
    <Cell ss:StyleID="s63" ss:Formula="=5*RC[-1]"><Data ss:Type="Number">5</Data></Cell>
    <Cell ss:StyleID="s63"><Data ss:Type="Number">5</Data></Cell>
    <Cell><Data ss:Type="String">0</Data></Cell>
    <Cell><Data ss:Type="String">4u7 </Data></Cell>
    <Cell><Data ss:Type="String">10V </Data></Cell>
    <Cell><Data ss:Type="String"> </Data></Cell>
    <Cell><Data ss:Type="Number">0</Data></Cell>
    <Cell><Data ss:Type="Number">0</Data></Cell>
    <Cell><Data ss:Type="Number">0</Data></Cell>
    <Cell><Data ss:Type="Number">0</Data></Cell>
    <Cell><Data ss:Type="Number">0</Data></Cell>
    <Cell><Data ss:Type="String">C# X5R MU 4M7 10V 0603 </Data></Cell>
    <Cell><Data ss:Type="String">DEK-400200-119 [E]</Data></Cell>
    <Cell><Data ss:Type="String"></Data></Cell>
    <Cell><Data ss:Type="String">C9</Data></Cell>
    <Cell><Data ss:Type="String"></Data></Cell>
   </Row>
   <Row>
    <Cell><Data ss:Type="String">30</Data></Cell>
    <Cell><Data ss:Type="Number">1</Data></Cell>
    <Cell><Data ss:Type="Number">0</Data></Cell>
    <Cell ss:StyleID="s63"><Data ss:Type="Number">1</Data></Cell>
    <Cell ss:StyleID="s63" ss:Formula="=5*RC[-1]"><Data ss:Type="Number">5</Data></Cell>
    <Cell ss:StyleID="s63"><Data ss:Type="Number">5</Data></Cell>
    <Cell><Data ss:Type="String">0</Data></Cell>
    <Cell><Data ss:Type="String">1u </Data></Cell>
    <Cell><Data ss:Type="String">16V </Data></Cell>
    <Cell><Data ss:Type="String"> </Data></Cell>
    <Cell><Data ss:Type="Number">0</Data></Cell>
    <Cell><Data ss:Type="Number">0</Data></Cell>
    <Cell><Data ss:Type="Number">0</Data></Cell>
    <Cell><Data ss:Type="Number">0</Data></Cell>
    <Cell><Data ss:Type="Number">0</Data></Cell>
    <Cell><Data ss:Type="String">C# X5R MU 1M 16V 0603 </Data></Cell>
    <Cell><Data ss:Type="String">DEK-400200-121 [G]</Data></Cell>
    <Cell><Data ss:Type="String"></Data></Cell>
    <Cell><Data ss:Type="String">C29</Data></Cell>
    <Cell><Data ss:Type="String"></Data></Cell>
   </Row>
   <Row>
    <Cell><Data ss:Type="String">31</Data></Cell>
    <Cell><Data ss:Type="Number">15</Data></Cell>
    <Cell><Data ss:Type="Number">0</Data></Cell>
    <Cell ss:StyleID="s63"><Data ss:Type="Number">15</Data></Cell>
    <Cell ss:StyleID="s63" ss:Formula="=5*RC[-1]"><Data ss:Type="Number">75</Data></Cell>
    <Cell ss:StyleID="s63"/>
    <Cell><Data ss:Type="String">0</Data></Cell>
    <Cell><Data ss:Type="String">100n </Data></Cell>
    <Cell><Data ss:Type="String">50V </Data></Cell>
    <Cell><Data ss:Type="String"> </Data></Cell>
    <Cell><Data ss:Type="Number">0</Data></Cell>
    <Cell><Data ss:Type="Number">0</Data></Cell>
    <Cell><Data ss:Type="Number">0</Data></Cell>
    <Cell><Data ss:Type="Number">0</Data></Cell>
    <Cell><Data ss:Type="Number">0</Data></Cell>
    <Cell><Data ss:Type="String">C# X7R 100N 50V 0603 10% </Data></Cell>
    <Cell><Data ss:Type="String">DEK-400200-123 [Y]</Data></Cell>
    <Cell><Data ss:Type="String"></Data></Cell>
    <Cell><Data ss:Type="String">C1,C7,C10,C11,C14,C15,C16,C21,C22,C23,C24,C25,C30,C32,C34</Data></Cell>
    <Cell><Data ss:Type="String"></Data></Cell>
   </Row>
   <Row ss:AutoFitHeight="0" ss:Height="15.75">
    <Cell><Data ss:Type="String">32</Data></Cell>
    <Cell><Data ss:Type="Number">1</Data></Cell>
    <Cell><Data ss:Type="Number">0</Data></Cell>
    <Cell ss:StyleID="s63"><Data ss:Type="Number">1</Data></Cell>
    <Cell ss:StyleID="s63" ss:Formula="=5*RC[-1]"><Data ss:Type="Number">5</Data></Cell>
    <Cell ss:StyleID="s63"><Data ss:Type="Number">1</Data></Cell>
    <Cell><Data ss:Type="String">0</Data></Cell>
    <Cell><Data ss:Type="String">10u </Data></Cell>
    <Cell><Data ss:Type="String">50V </Data></Cell>
    <Cell><Data ss:Type="String"> </Data></Cell>
    <Cell><Data ss:Type="Number">0</Data></Cell>
    <Cell><Data ss:Type="Number">0</Data></Cell>
    <Cell><Data ss:Type="Number">0</Data></Cell>
    <Cell><Data ss:Type="Number">0</Data></Cell>
    <Cell><Data ss:Type="Number">0</Data></Cell>
    <Cell><Data ss:Type="String">C# X5R 10M 50V 1206 10% 85 </Data></Cell>
    <Cell><Data ss:Type="String">DEK-400300-150 [Y]</Data></Cell>
    <Cell><Data ss:Type="String"></Data></Cell>
    <Cell><Data ss:Type="String">C5</Data></Cell>
    <Cell><Data ss:Type="String"></Data></Cell>
   </Row>
   <Row>
    <Cell><Data ss:Type="String">33</Data></Cell>
    <Cell><Data ss:Type="Number">2</Data></Cell>
    <Cell><Data ss:Type="Number">0</Data></Cell>
    <Cell ss:StyleID="s63"><Data ss:Type="Number">2</Data></Cell>
    <Cell ss:StyleID="s63" ss:Formula="=5*RC[-1]"><Data ss:Type="Number">10</Data></Cell>
    <Cell ss:StyleID="s63"><Data ss:Type="Number">4</Data></Cell>
    <Cell><Data ss:Type="String">0</Data></Cell>
    <Cell><Data ss:Type="String">22u </Data></Cell>
    <Cell><Data ss:Type="String">10V </Data></Cell>
    <Cell><Data ss:Type="String"> </Data></Cell>
    <Cell><Data ss:Type="Number">0</Data></Cell>
    <Cell><Data ss:Type="Number">0</Data></Cell>
    <Cell><Data ss:Type="Number">0</Data></Cell>
    <Cell><Data ss:Type="Number">0</Data></Cell>
    <Cell><Data ss:Type="Number">0</Data></Cell>
    <Cell><Data ss:Type="String">C# X5R MU 22M 10V 1206 10% </Data></Cell>
    <Cell><Data ss:Type="String">DEK-400800-027 [D]</Data></Cell>
    <Cell><Data ss:Type="String"></Data></Cell>
    <Cell><Data ss:Type="String">C3,C4</Data></Cell>
    <Cell><Data ss:Type="String"></Data></Cell>
   </Row>
   <Row>
    <Cell><Data ss:Type="String">34</Data></Cell>
    <Cell><Data ss:Type="Number">1</Data></Cell>
    <Cell><Data ss:Type="Number">0</Data></Cell>
    <Cell ss:StyleID="s63"><Data ss:Type="Number">1</Data></Cell>
    <Cell ss:StyleID="s63" ss:Formula="=5*RC[-1]"><Data ss:Type="Number">5</Data></Cell>
    <Cell ss:StyleID="s63"><Data ss:Type="Number">2</Data></Cell>
    <Cell><Data ss:Type="String">0</Data></Cell>
    <Cell><Data ss:Type="String">2u2 </Data></Cell>
    <Cell><Data ss:Type="String">50V </Data></Cell>
    <Cell><Data ss:Type="String"> </Data></Cell>
    <Cell><Data ss:Type="Number">0</Data></Cell>
    <Cell><Data ss:Type="Number">0</Data></Cell>
    <Cell><Data ss:Type="Number">0</Data></Cell>
    <Cell><Data ss:Type="Number">0</Data></Cell>
    <Cell><Data ss:Type="Number">0</Data></Cell>
    <Cell><Data ss:Type="String">C# X7R MU 2M2 50V 1206 10% </Data></Cell>
    <Cell><Data ss:Type="String">DEK-400800-028 [E]</Data></Cell>
    <Cell><Data ss:Type="String"></Data></Cell>
    <Cell><Data ss:Type="String">C2</Data></Cell>
    <Cell><Data ss:Type="String"></Data></Cell>
   </Row>
   <Row>
    <Cell><Data ss:Type="String">35</Data></Cell>
    <Cell><Data ss:Type="Number">1</Data></Cell>
    <Cell><Data ss:Type="Number">0</Data></Cell>
    <Cell ss:StyleID="s63"><Data ss:Type="Number">1</Data></Cell>
    <Cell ss:StyleID="s63" ss:Formula="=5*RC[-1]"><Data ss:Type="Number">5</Data></Cell>
    <Cell ss:StyleID="s63"/>
    <Cell><Data ss:Type="String">0</Data></Cell>
    <Cell><Data ss:Type="String"></Data></Cell>
    <Cell><Data ss:Type="String"></Data></Cell>
    <Cell><Data ss:Type="String"></Data></Cell>
    <Cell><Data ss:Type="Number">0</Data></Cell>
    <Cell><Data ss:Type="Number">0</Data></Cell>
    <Cell><Data ss:Type="Number">0</Data></Cell>
    <Cell><Data ss:Type="Number">0</Data></Cell>
    <Cell><Data ss:Type="Number">0</Data></Cell>
    <Cell><Data ss:Type="String">S# TCT S 6x6 160g H4.3</Data></Cell>
    <Cell><Data ss:Type="String">DEK-600000-153 [E]</Data></Cell>
    <Cell><Data ss:Type="String"></Data></Cell>
    <Cell><Data ss:Type="String">SW2</Data></Cell>
    <Cell><Data ss:Type="String"></Data></Cell>
   </Row>
   <Row>
    <Cell><Data ss:Type="String">36</Data></Cell>
    <Cell><Data ss:Type="Number">3</Data></Cell>
    <Cell><Data ss:Type="Number">0</Data></Cell>
    <Cell ss:StyleID="s63"><Data ss:Type="Number">3</Data></Cell>
    <Cell ss:StyleID="s63" ss:Formula="=5*RC[-1]"><Data ss:Type="Number">15</Data></Cell>
    <Cell ss:StyleID="s63"><Data ss:Type="Number">4</Data></Cell>
    <Cell><Data ss:Type="String">0</Data></Cell>
    <Cell><Data ss:Type="String"> </Data></Cell>
    <Cell><Data ss:Type="String">3V3 </Data></Cell>
    <Cell><Data ss:Type="String"> </Data></Cell>
    <Cell><Data ss:Type="Number">0</Data></Cell>
    <Cell><Data ss:Type="Number">0</Data></Cell>
    <Cell><Data ss:Type="Number">0</Data></Cell>
    <Cell><Data ss:Type="Number">0</Data></Cell>
    <Cell><Data ss:Type="Number">0</Data></Cell>
    <Cell><Data ss:Type="String">D# ZEN 3V3 0W3 SOT23 </Data></Cell>
    <Cell><Data ss:Type="String">DEK-600100-002 [K]</Data></Cell>
    <Cell><Data ss:Type="String"></Data></Cell>
    <Cell><Data ss:Type="String">D4,D5,D8</Data></Cell>
    <Cell><Data ss:Type="String"></Data></Cell>
   </Row>
   <Row>
    <Cell><Data ss:Type="String">37</Data></Cell>
    <Cell><Data ss:Type="Number">2</Data></Cell>
    <Cell><Data ss:Type="Number">0</Data></Cell>
    <Cell ss:StyleID="s63"><Data ss:Type="Number">2</Data></Cell>
    <Cell ss:StyleID="s63" ss:Formula="=5*RC[-1]"><Data ss:Type="Number">10</Data></Cell>
    <Cell ss:StyleID="s63"><Data ss:Type="Number">2</Data></Cell>
    <Cell><Data ss:Type="String">0</Data></Cell>
    <Cell><Data ss:Type="String"> </Data></Cell>
    <Cell><Data ss:Type="String">30V </Data></Cell>
    <Cell><Data ss:Type="String">BAT54WS </Data></Cell>
    <Cell><Data ss:Type="Number">0</Data></Cell>
    <Cell><Data ss:Type="Number">0</Data></Cell>
    <Cell><Data ss:Type="Number">0</Data></Cell>
    <Cell><Data ss:Type="Number">0</Data></Cell>
    <Cell><Data ss:Type="Number">0</Data></Cell>
    <Cell><Data ss:Type="String">D# Y 30V 0A2 0W15 SOD323 BAT54WS </Data></Cell>
    <Cell><Data ss:Type="String">DEK-600600-005 [Q]</Data></Cell>
    <Cell><Data ss:Type="String"></Data></Cell>
    <Cell><Data ss:Type="String">D6,D7</Data></Cell>
    <Cell><Data ss:Type="String"></Data></Cell>
   </Row>
   <Row>
    <Cell><Data ss:Type="String">38</Data></Cell>
    <Cell><Data ss:Type="Number">2</Data></Cell>
    <Cell><Data ss:Type="Number">0</Data></Cell>
    <Cell ss:StyleID="s63"><Data ss:Type="Number">2</Data></Cell>
    <Cell ss:StyleID="s63" ss:Formula="=5*RC[-1]"><Data ss:Type="Number">10</Data></Cell>
    <Cell ss:StyleID="s63"/>
    <Cell><Data ss:Type="String">0</Data></Cell>
    <Cell><Data ss:Type="String"> </Data></Cell>
    <Cell><Data ss:Type="String">60V </Data></Cell>
    <Cell><Data ss:Type="String">PMEG6010 </Data></Cell>
    <Cell><Data ss:Type="Number">0</Data></Cell>
    <Cell><Data ss:Type="Number">0</Data></Cell>
    <Cell><Data ss:Type="Number">0</Data></Cell>
    <Cell><Data ss:Type="Number">0</Data></Cell>
    <Cell><Data ss:Type="Number">0</Data></Cell>
    <Cell><Data ss:Type="String">D# Y 60V 1A 0W35 SOD323 PMEG6010 </Data></Cell>
    <Cell><Data ss:Type="String">DEK-600600-057 [W]</Data></Cell>
    <Cell><Data ss:Type="String"></Data></Cell>
    <Cell><Data ss:Type="String">D1,D3</Data></Cell>
    <Cell><Data ss:Type="String"></Data></Cell>
   </Row>
   <Row>
    <Cell><Data ss:Type="String">39</Data></Cell>
    <Cell><Data ss:Type="Number">2</Data></Cell>
    <Cell><Data ss:Type="Number">0</Data></Cell>
    <Cell ss:StyleID="s63"><Data ss:Type="Number">2</Data></Cell>
    <Cell ss:StyleID="s63" ss:Formula="=5*RC[-1]"><Data ss:Type="Number">10</Data></Cell>
    <Cell ss:StyleID="s63"><Data ss:Type="Number">4</Data></Cell>
    <Cell><Data ss:Type="String">0</Data></Cell>
    <Cell><Data ss:Type="String"></Data></Cell>
    <Cell><Data ss:Type="String"></Data></Cell>
    <Cell><Data ss:Type="String"></Data></Cell>
    <Cell><Data ss:Type="Number">0</Data></Cell>
    <Cell><Data ss:Type="Number">0</Data></Cell>
    <Cell><Data ss:Type="Number">0</Data></Cell>
    <Cell><Data ss:Type="Number">0</Data></Cell>
    <Cell><Data ss:Type="Number">0</Data></Cell>
    <Cell><Data ss:Type="String">D# LED RGB 0A020 CA PLCC4 CLV1A-FKB</Data></Cell>
    <Cell><Data ss:Type="String">DEK-600700-102 [R]</Data></Cell>
    <Cell><Data ss:Type="String"></Data></Cell>
    <Cell><Data ss:Type="String">D10,D11</Data></Cell>
    <Cell><Data ss:Type="String"></Data></Cell>
   </Row>
   <Row>
    <Cell><Data ss:Type="String">40</Data></Cell>
    <Cell><Data ss:Type="Number">1</Data></Cell>
    <Cell><Data ss:Type="Number">0</Data></Cell>
    <Cell ss:StyleID="s63"><Data ss:Type="Number">1</Data></Cell>
    <Cell ss:StyleID="s63" ss:Formula="=5*RC[-1]"><Data ss:Type="Number">5</Data></Cell>
    <Cell ss:StyleID="s63"><Data ss:Type="Number">2</Data></Cell>
    <Cell><Data ss:Type="String">0</Data></Cell>
    <Cell><Data ss:Type="String"> </Data></Cell>
    <Cell><Data ss:Type="String">28V </Data></Cell>
    <Cell><Data ss:Type="String">SMAJ28CA </Data></Cell>
    <Cell><Data ss:Type="Number">0</Data></Cell>
    <Cell><Data ss:Type="Number">0</Data></Cell>
    <Cell><Data ss:Type="Number">0</Data></Cell>
    <Cell><Data ss:Type="Number">0</Data></Cell>
    <Cell><Data ss:Type="Number">0</Data></Cell>
    <Cell><Data ss:Type="String">D# TVS B 28V 400W SMA </Data></Cell>
    <Cell><Data ss:Type="String">DEK-600800-066 [A]</Data></Cell>
    <Cell><Data ss:Type="String"></Data></Cell>
    <Cell><Data ss:Type="String">TVS1</Data></Cell>
    <Cell><Data ss:Type="String"></Data></Cell>
   </Row>
   <Row>
    <Cell><Data ss:Type="String">41</Data></Cell>
    <Cell><Data ss:Type="Number">4</Data></Cell>
    <Cell><Data ss:Type="Number">0</Data></Cell>
    <Cell ss:StyleID="s63"><Data ss:Type="Number">4</Data></Cell>
    <Cell ss:StyleID="s63" ss:Formula="=5*RC[-1]"><Data ss:Type="Number">20</Data></Cell>
    <Cell ss:StyleID="s63"/>
    <Cell><Data ss:Type="String">0</Data></Cell>
    <Cell><Data ss:Type="String"> </Data></Cell>
    <Cell><Data ss:Type="String">100V </Data></Cell>
    <Cell><Data ss:Type="String">BSS123 </Data></Cell>
    <Cell><Data ss:Type="Number">0</Data></Cell>
    <Cell><Data ss:Type="Number">0</Data></Cell>
    <Cell><Data ss:Type="Number">0</Data></Cell>
    <Cell><Data ss:Type="Number">0</Data></Cell>
    <Cell><Data ss:Type="Number">0</Data></Cell>
    <Cell><Data ss:Type="String">Q# MF N 100V 0A15 SOT23 BSS123 </Data></Cell>
    <Cell><Data ss:Type="String">DEK-601000-004 [W]</Data></Cell>
    <Cell><Data ss:Type="String"></Data></Cell>
    <Cell><Data ss:Type="String">Q1,Q2,Q3,Q4</Data></Cell>
    <Cell><Data ss:Type="String"></Data></Cell>
   </Row>
   <Row>
    <Cell><Data ss:Type="String">42</Data></Cell>
    <Cell><Data ss:Type="Number">1</Data></Cell>
    <Cell><Data ss:Type="Number">0</Data></Cell>
    <Cell ss:StyleID="s63"><Data ss:Type="Number">1</Data></Cell>
    <Cell ss:StyleID="s63" ss:Formula="=5*RC[-1]"><Data ss:Type="Number">5</Data></Cell>
    <Cell ss:StyleID="s63"><Data ss:Type="Number">1</Data></Cell>
    <Cell><Data ss:Type="String">0</Data></Cell>
    <Cell><Data ss:Type="String">68UH </Data></Cell>
    <Cell><Data ss:Type="String"> </Data></Cell>
    <Cell><Data ss:Type="String">SRN6045-680M </Data></Cell>
    <Cell><Data ss:Type="Number">0</Data></Cell>
    <Cell><Data ss:Type="Number">0</Data></Cell>
    <Cell><Data ss:Type="Number">0</Data></Cell>
    <Cell><Data ss:Type="Number">0</Data></Cell>
    <Cell><Data ss:Type="Number">0</Data></Cell>
    <Cell><Data ss:Type="String">L# CH 68UH 1A </Data></Cell>
    <Cell><Data ss:Type="String">DEK-603000-153 [W]</Data></Cell>
    <Cell><Data ss:Type="String"></Data></Cell>
    <Cell><Data ss:Type="String">L1</Data></Cell>
    <Cell><Data ss:Type="String"></Data></Cell>
   </Row>
   <Row>
    <Cell><Data ss:Type="String">43</Data></Cell>
    <Cell><Data ss:Type="Number">4</Data></Cell>
    <Cell><Data ss:Type="Number">0</Data></Cell>
    <Cell ss:StyleID="s63"><Data ss:Type="Number">4</Data></Cell>
    <Cell ss:StyleID="s63" ss:Formula="=5*RC[-1]"><Data ss:Type="Number">20</Data></Cell>
    <Cell ss:StyleID="s63"><Data ss:Type="Number">8</Data></Cell>
    <Cell><Data ss:Type="String">0</Data></Cell>
    <Cell><Data ss:Type="String">600R </Data></Cell>
    <Cell><Data ss:Type="String"> </Data></Cell>
    <Cell><Data ss:Type="String">BEAD </Data></Cell>
    <Cell><Data ss:Type="Number">0</Data></Cell>
    <Cell><Data ss:Type="Number">0</Data></Cell>
    <Cell><Data ss:Type="Number">0</Data></Cell>
    <Cell><Data ss:Type="Number">0</Data></Cell>
    <Cell><Data ss:Type="Number">0</Data></Cell>
    <Cell><Data ss:Type="String">FI# BEAD 600E@100MHZ 0A2 0603 BLM18B </Data></Cell>
    <Cell><Data ss:Type="String">DEK-603100-005 [Y]</Data></Cell>
    <Cell><Data ss:Type="String"></Data></Cell>
    <Cell><Data ss:Type="String">L2,L3,L4,L5</Data></Cell>
    <Cell><Data ss:Type="String"></Data></Cell>
   </Row>
   <Row>
    <Cell><Data ss:Type="String">44</Data></Cell>
    <Cell><Data ss:Type="Number">0</Data></Cell>
    <Cell><Data ss:Type="Number">1</Data></Cell>
    <Cell ss:StyleID="s63"><Data ss:Type="Number">1</Data></Cell>
    <Cell ss:StyleID="s63" ss:Formula="=5*RC[-1]"><Data ss:Type="Number">5</Data></Cell>
    <Cell ss:StyleID="s63"><Data ss:Type="Number">5</Data></Cell>
    <Cell><Data ss:Type="String">0</Data></Cell>
    <Cell><Data ss:Type="String">8 </Data></Cell>
    <Cell><Data ss:Type="String"> </Data></Cell>
    <Cell><Data ss:Type="String">MCNDS-08-V </Data></Cell>
    <Cell><Data ss:Type="Number">0</Data></Cell>
    <Cell><Data ss:Type="Number">0</Data></Cell>
    <Cell><Data ss:Type="Number">0</Data></Cell>
    <Cell><Data ss:Type="Number">0</Data></Cell>
    <Cell><Data ss:Type="Number">0</Data></Cell>
    <Cell><Data ss:Type="String">S DIP 2.54 8BT H7.3 </Data></Cell>
    <Cell><Data ss:Type="String">DEK-604000-052 [T]</Data></Cell>
    <Cell><Data ss:Type="String"></Data></Cell>
    <Cell><Data ss:Type="String"></Data></Cell>
    <Cell><Data ss:Type="String">SW1</Data></Cell>
   </Row>
   <Row>
    <Cell><Data ss:Type="String">45</Data></Cell>
    <Cell><Data ss:Type="Number">1</Data></Cell>
    <Cell><Data ss:Type="Number">0</Data></Cell>
    <Cell ss:StyleID="s63"><Data ss:Type="Number">1</Data></Cell>
    <Cell ss:StyleID="s63" ss:Formula="=5*RC[-1]"><Data ss:Type="Number">5</Data></Cell>
    <Cell ss:StyleID="s63"><Data ss:Type="Number">5</Data></Cell>
    <Cell><Data ss:Type="String">0</Data></Cell>
    <Cell><Data ss:Type="String">85dB </Data></Cell>
    <Cell><Data ss:Type="String">6V0 </Data></Cell>
    <Cell><Data ss:Type="String">ABT-414-RC </Data></Cell>
    <Cell><Data ss:Type="Number">0</Data></Cell>
    <Cell><Data ss:Type="Number">0</Data></Cell>
    <Cell><Data ss:Type="Number">0</Data></Cell>
    <Cell><Data ss:Type="Number">0</Data></Cell>
    <Cell><Data ss:Type="Number">0</Data></Cell>
    <Cell><Data ss:Type="String">BZ 85dBA 6V0 2.4kHz ABT-414-RC </Data></Cell>
    <Cell><Data ss:Type="String">DEK-605000-009 [F]</Data></Cell>
    <Cell><Data ss:Type="String"></Data></Cell>
    <Cell><Data ss:Type="String">SPK1</Data></Cell>
    <Cell><Data ss:Type="String"></Data></Cell>
   </Row>
   <Row>
    <Cell><Data ss:Type="String">46</Data></Cell>
    <Cell><Data ss:Type="Number">1</Data></Cell>
    <Cell><Data ss:Type="Number">0</Data></Cell>
    <Cell ss:StyleID="s63"><Data ss:Type="Number">1</Data></Cell>
    <Cell ss:StyleID="s63" ss:Formula="=5*RC[-1]"><Data ss:Type="Number">5</Data></Cell>
    <Cell ss:StyleID="s63"><Data ss:Type="Number">5</Data></Cell>
    <Cell><Data ss:Type="String">0</Data></Cell>
    <Cell><Data ss:Type="String"> </Data></Cell>
    <Cell><Data ss:Type="String"> </Data></Cell>
    <Cell><Data ss:Type="String">SM2561TSL </Data></Cell>
    <Cell><Data ss:Type="Number">0</Data></Cell>
    <Cell><Data ss:Type="Number">0</Data></Cell>
    <Cell><Data ss:Type="Number">0</Data></Cell>
    <Cell><Data ss:Type="Number">0</Data></Cell>
    <Cell><Data ss:Type="Number">0</Data></Cell>
    <Cell><Data ss:Type="String">I SENS LUMINOSITY MODULE TSL2561 </Data></Cell>
    <Cell><Data ss:Type="String">DEK-606000-014 [Q]</Data></Cell>
    <Cell><Data ss:Type="String"></Data></Cell>
    <Cell><Data ss:Type="String">M4</Data></Cell>
    <Cell><Data ss:Type="String"></Data></Cell>
   </Row>
   <Row>
    <Cell><Data ss:Type="String">47</Data></Cell>
    <Cell><Data ss:Type="Number">1</Data></Cell>
    <Cell><Data ss:Type="Number">0</Data></Cell>
    <Cell ss:StyleID="s63"><Data ss:Type="Number">1</Data></Cell>
    <Cell ss:StyleID="s63" ss:Formula="=5*RC[-1]"><Data ss:Type="Number">5</Data></Cell>
    <Cell ss:StyleID="s63"><Data ss:Type="Number">0</Data></Cell>
    <Cell><Data ss:Type="String">0</Data></Cell>
    <Cell><Data ss:Type="String"> </Data></Cell>
    <Cell><Data ss:Type="String"> </Data></Cell>
    <Cell><Data ss:Type="String">MQ-2 Module </Data></Cell>
    <Cell><Data ss:Type="Number">0</Data></Cell>
    <Cell><Data ss:Type="Number">0</Data></Cell>
    <Cell><Data ss:Type="Number">0</Data></Cell>
    <Cell><Data ss:Type="Number">0</Data></Cell>
    <Cell><Data ss:Type="Number">0</Data></Cell>
    <Cell><Data ss:Type="String">I SENS GAS/SMOKE/METHANE MQ-2 MODULe </Data></Cell>
    <Cell><Data ss:Type="String">DEK-606000-015 [R]</Data></Cell>
    <Cell><Data ss:Type="String"></Data></Cell>
    <Cell><Data ss:Type="String">M2</Data></Cell>
    <Cell><Data ss:Type="String"></Data></Cell>
   </Row>
   <Row>
    <Cell><Data ss:Type="String">48</Data></Cell>
    <Cell><Data ss:Type="Number">1</Data></Cell>
    <Cell><Data ss:Type="Number">0</Data></Cell>
    <Cell ss:StyleID="s63"><Data ss:Type="Number">1</Data></Cell>
    <Cell ss:StyleID="s63" ss:Formula="=5*RC[-1]"><Data ss:Type="Number">5</Data></Cell>
    <Cell ss:StyleID="s63"><Data ss:Type="Number">5</Data></Cell>
    <Cell><Data ss:Type="String">0</Data></Cell>
    <Cell><Data ss:Type="String"> </Data></Cell>
    <Cell><Data ss:Type="String"> </Data></Cell>
    <Cell><Data ss:Type="String">ABM-713-RC </Data></Cell>
    <Cell><Data ss:Type="Number">0</Data></Cell>
    <Cell><Data ss:Type="Number">0</Data></Cell>
    <Cell><Data ss:Type="Number">0</Data></Cell>
    <Cell><Data ss:Type="Number">0</Data></Cell>
    <Cell><Data ss:Type="Number">0</Data></Cell>
    <Cell><Data ss:Type="String">MC ELECTRET OMNIDIR ABM-713-RC </Data></Cell>
    <Cell><Data ss:Type="String">DEK-607000-005 [N]</Data></Cell>
    <Cell><Data ss:Type="String"></Data></Cell>
    <Cell><Data ss:Type="String">M6</Data></Cell>
    <Cell><Data ss:Type="String"></Data></Cell>
   </Row>
   <Row>
    <Cell><Data ss:Type="String">49</Data></Cell>
    <Cell><Data ss:Type="Number">1</Data></Cell>
    <Cell><Data ss:Type="Number">0</Data></Cell>
    <Cell ss:StyleID="s63"><Data ss:Type="Number">1</Data></Cell>
    <Cell ss:StyleID="s63" ss:Formula="=5*RC[-1]"><Data ss:Type="Number">5</Data></Cell>
    <Cell ss:StyleID="s63"/>
    <Cell><Data ss:Type="String">0</Data></Cell>
    <Cell><Data ss:Type="String"> </Data></Cell>
    <Cell><Data ss:Type="String"> </Data></Cell>
    <Cell><Data ss:Type="String">EKMC1603113 </Data></Cell>
    <Cell><Data ss:Type="Number">0</Data></Cell>
    <Cell><Data ss:Type="Number">0</Data></Cell>
    <Cell><Data ss:Type="Number">0</Data></Cell>
    <Cell><Data ss:Type="Number">0</Data></Cell>
    <Cell><Data ss:Type="Number">0</Data></Cell>
    <Cell><Data ss:Type="String">I SENS P PIR MOTION MODULE PAPIR VZ WL </Data></Cell>
    <Cell><Data ss:Type="String">DEK-626000-009 [Q]</Data></Cell>
    <Cell><Data ss:Type="String"></Data></Cell>
    <Cell><Data ss:Type="String">M3</Data></Cell>
    <Cell><Data ss:Type="String"></Data></Cell>
   </Row>
  </Table>
  <WorksheetOptions xmlns="urn:schemas-microsoft-com:office:excel">
   <Print>
    <ValidPrinterInfo/>
    <PaperSizeIndex>9</PaperSizeIndex>
    <HorizontalResolution>600</HorizontalResolution>
    <VerticalResolution>600</VerticalResolution>
   </Print>
   <Selected/>
   <TopRowVisible>18</TopRowVisible>
   <LeftColumnVisible>3</LeftColumnVisible>
   <Panes>
    <Pane>
     <Number>3</Number>
     <ActiveRow>19</ActiveRow>
     <ActiveCol>9</ActiveCol>
    </Pane>
   </Panes>
   <ProtectObjects>False</ProtectObjects>
   <ProtectScenarios>False</ProtectScenarios>
  </WorksheetOptions>
  <ConditionalFormatting xmlns="urn:schemas-microsoft-com:office:excel">
   <Range>R1C1:R50C21</Range>
   <Condition>
    <Value1>EXACT(&quot;0&quot;,RC4)</Value1>
    <Format Style='color:gray;text-line-through:single'/>
   </Condition>
  </ConditionalFormatting>
 </Worksheet>
</Workbook>
